id,month,total_income,total_expense,savings,savings_rate,expense_ratio,anomaly_count,created_at
1,1950-01,141958,118974.81,22983.19,16.19,83.81,0,28-01-1950
2,1950-02,123694,99276.39,24417.61,19.74,80.26,0,28-02-1950
3,1950-03,130268,94869.96,35398.04,27.17,72.83,0,28-03-1950
4,1950-04,26265,12759.46,13505.54,51.42,48.58,0,28-04-1950
5,1950-05,57194,37324.05,19869.95,34.74,65.26,0,28-05-1950
6,1950-06,146324,106906.25,39417.75,26.94,73.06,0,28-06-1950
7,1950-07,36023,27305.03,8717.97,24.2,75.8,0,28-07-1950
8,1950-08,84820,79175.26,5644.74,6.65,93.35,1,28-08-1950
9,1950-09,82955,76003.7,6951.3,8.38,91.62,1,28-09-1950
10,1950-10,87969,43984.83,43984.17,50,50,0,28-10-1950
11,1950-11,124724,92247.72,32476.28,26.04,73.96,0,28-11-1950
12,1950-12,105305,72514.71,32790.29,31.14,68.86,0,28-12-1950
13,1951-01,147723,60962.97,86760.03,58.73,41.27,0,28-01-1951
14,1951-02,126970,93515.83,33454.17,26.35,73.65,0,28-02-1951
15,1951-03,142537,60673.17,81863.83,57.43,42.57,0,28-03-1951
16,1951-04,22747,13682.3,9064.7,39.85,60.15,0,28-04-1951
17,1951-05,85725,38561.98,47163.02,55.02,44.98,0,28-05-1951
18,1951-06,55773,28434.22,27338.78,49.02,50.98,0,28-06-1951
19,1951-07,76886,72332.58,4553.42,5.92,94.08,1,28-07-1951
20,1951-08,136216,57966.41,78249.59,57.45,42.55,0,28-08-1951
21,1951-09,23890,18494.9,5395.1,22.58,77.42,0,28-09-1951
22,1951-10,145768,63522.54,82245.46,56.42,43.58,0,28-10-1951
23,1951-11,30627,28122.05,2504.95,8.18,91.82,1,28-11-1951
24,1951-12,128557,108581.63,19975.37,15.54,84.46,0,28-12-1951
25,1952-01,96552,39468.67,57083.33,59.12,40.88,0,28-01-1952
26,1952-02,141729,110028.21,31700.79,22.37,77.63,0,28-02-1952
27,1952-03,140174,108746.28,31427.72,22.42,77.58,0,28-03-1952
28,1952-04,68555,46092.77,22462.23,32.77,67.23,0,28-04-1952
29,1952-05,130510,64648.2,65861.8,50.46,49.54,0,28-05-1952
30,1952-06,55920,30327.04,25592.96,45.77,54.23,0,28-06-1952
31,1952-07,89479,72965.54,16513.46,18.46,81.54,0,28-07-1952
32,1952-08,86557,59381.34,27175.66,31.4,68.6,0,28-08-1952
33,1952-09,98953,70477.81,28475.19,28.78,71.22,0,28-09-1952
34,1952-10,29692,27710.7,1981.3,6.67,93.33,1,28-10-1952
35,1952-11,92409,59822.33,32586.67,35.26,64.74,0,28-11-1952
36,1952-12,57065,50910.83,6154.17,10.78,89.22,0,28-12-1952
37,1953-01,149293,119434.34,29858.66,20,80,0,28-01-1953
38,1953-02,31534,14148.39,17385.61,55.13,44.87,0,28-02-1953
39,1953-03,146678,100688.41,45989.59,31.35,68.65,0,28-03-1953
40,1953-04,109789,63560.33,46228.67,42.11,57.89,0,28-04-1953
41,1953-05,43247,35074.44,8172.56,18.9,81.1,0,28-05-1953
42,1953-06,102798,87975.11,14822.89,14.42,85.58,0,28-06-1953
43,1953-07,32185,29960.71,2224.29,6.91,93.09,1,28-07-1953
44,1953-08,59099,41279.64,17819.36,30.15,69.85,0,28-08-1953
45,1953-09,125512,70657.03,54854.97,43.7,56.3,0,28-09-1953
46,1953-10,81228,35821.78,45406.22,55.9,44.1,0,28-10-1953
47,1953-11,60774,38462.09,22311.91,36.71,63.29,0,28-11-1953
48,1953-12,82592,42063.58,40528.42,49.07,50.93,0,28-12-1953
49,1954-01,144375,58868.03,85506.97,59.23,40.77,0,28-01-1954
50,1954-02,107538,84822.91,22715.09,21.12,78.88,0,28-02-1954
51,1954-03,33986,28364.6,5621.4,16.54,83.46,0,28-03-1954
52,1954-04,32666,14396.71,18269.29,55.93,44.07,0,28-04-1954
53,1954-05,46854,35519.66,11334.34,24.19,75.81,0,28-05-1954
54,1954-06,72251,63198.45,9052.55,12.53,87.47,0,28-06-1954
55,1954-07,50535,32706.14,17828.86,35.28,64.72,0,28-07-1954
56,1954-08,72256,31428.26,40827.74,56.5,43.5,0,28-08-1954
57,1954-09,55222,42402.91,12819.09,23.21,76.79,0,28-09-1954
58,1954-10,143684,115131.6,28552.4,19.87,80.13,0,28-10-1954
59,1954-11,83335,45925.67,37409.33,44.89,55.11,0,28-11-1954
60,1954-12,128066,84487.47,43578.53,34.03,65.97,0,28-12-1954
61,1955-01,133252,124516.22,8735.78,6.56,93.44,1,28-01-1955
62,1955-02,47266,38684,8582,18.16,81.84,0,28-02-1955
63,1955-03,142073,75269.1,66803.9,47.02,52.98,0,28-03-1955
64,1955-04,130989,87970.59,43018.41,32.84,67.16,0,28-04-1955
65,1955-05,139176,110069.37,29106.63,20.91,79.09,0,28-05-1955
66,1955-06,107897,44667.26,63229.74,58.6,41.4,0,28-06-1955
67,1955-07,70636,36091.15,34544.85,48.91,51.09,0,28-07-1955
68,1955-08,70015,52513.05,17501.95,25,75,0,28-08-1955
69,1955-09,127059,90186.68,36872.32,29.02,70.98,0,28-09-1955
70,1955-10,107939,97054.6,10884.4,10.08,89.92,0,28-10-1955
71,1955-11,125878,92196.77,33681.23,26.76,73.24,0,28-11-1955
72,1955-12,87214,71127.65,16086.35,18.44,81.56,0,28-12-1955
73,1956-01,53827,49443.84,4383.16,8.14,91.86,1,28-01-1956
74,1956-02,101734,56906.27,44827.73,44.06,55.94,0,28-02-1956
75,1956-03,137845,121890.45,15954.55,11.57,88.43,0,28-03-1956
76,1956-04,129225,109126.15,20098.85,15.55,84.45,0,28-04-1956
77,1956-05,69080,31640.15,37439.85,54.2,45.8,0,28-05-1956
78,1956-06,115003,96834.78,18168.22,15.8,84.2,0,28-06-1956
79,1956-07,89163,56090.7,33072.3,37.09,62.91,0,28-07-1956
80,1956-08,62941,43847.11,19093.89,30.34,69.66,0,28-08-1956
81,1956-09,46105,21537.88,24567.12,53.29,46.71,0,28-09-1956
82,1956-10,41976,24132.08,17843.92,42.51,57.49,0,28-10-1956
83,1956-11,43776,24062.47,19713.53,45.03,54.97,0,28-11-1956
84,1956-12,86842,55136.79,31705.21,36.51,63.49,0,28-12-1956
85,1957-01,112787,66985.65,45801.35,40.61,59.39,0,28-01-1957
86,1957-02,29474,11902.3,17571.7,59.62,40.38,0,28-02-1957
87,1957-03,41959,29109.02,12849.98,30.63,69.37,0,28-03-1957
88,1957-04,139101,72632.88,66468.12,47.78,52.22,0,28-04-1957
89,1957-05,118098,64738.58,53359.42,45.18,54.82,0,28-05-1957
90,1957-06,86199,79182.43,7016.57,8.14,91.86,1,28-06-1957
91,1957-07,113557,59086.01,54470.99,47.97,52.03,0,28-07-1957
92,1957-08,136183,107129.78,29053.22,21.33,78.67,0,28-08-1957
93,1957-09,74384,32408.42,41975.58,56.43,43.57,0,28-09-1957
94,1957-10,59353,55159.47,4193.53,7.07,92.93,1,28-10-1957
95,1957-11,72733,56947.56,15785.44,21.7,78.3,0,28-11-1957
96,1957-12,109474,61905.69,47568.31,43.45,56.55,0,28-12-1957
97,1958-01,105616,100203.95,5412.05,5.12,94.88,1,28-01-1958
98,1958-02,135386,99543.96,35842.04,26.47,73.53,0,28-02-1958
99,1958-03,123041,77032.32,46008.68,37.39,62.61,0,28-03-1958
100,1958-04,20854,11537.59,9316.41,44.67,55.33,0,28-04-1958
101,1958-05,27392,20513.68,6878.32,25.11,74.89,0,28-05-1958
102,1958-06,66717,32003.62,34713.38,52.03,47.97,0,28-06-1958
103,1958-07,70859,45794.81,25064.19,35.37,64.63,0,28-07-1958
104,1958-08,46309,24688.74,21620.26,46.69,53.31,0,28-08-1958
105,1958-09,90467,40209.81,50257.19,55.55,44.45,0,28-09-1958
106,1958-10,129751,68858.94,60892.06,46.93,53.07,0,28-10-1958
107,1958-11,45342,38165.58,7176.42,15.83,84.17,0,28-11-1958
108,1958-12,126308,94449.11,31858.89,25.22,74.78,0,28-12-1958
109,1959-01,85733,53099.03,32633.97,38.06,61.94,0,28-01-1959
110,1959-02,130078,58490.79,71587.21,55.03,44.97,0,28-02-1959
111,1959-03,45184,21819.11,23364.89,51.71,48.29,0,28-03-1959
112,1959-04,106202,53375.55,52826.45,49.74,50.26,0,28-04-1959
113,1959-05,35708,31140.85,4567.15,12.79,87.21,0,28-05-1959
114,1959-06,22811,17625.16,5185.84,22.73,77.27,0,28-06-1959
115,1959-07,92082,72849.04,19232.96,20.89,79.11,0,28-07-1959
116,1959-08,115742,60715.09,55026.91,47.54,52.46,0,28-08-1959
117,1959-09,22911,10376.33,12534.67,54.71,45.29,0,28-09-1959
118,1959-10,28680,22370.85,6309.15,22,78,0,28-10-1959
119,1959-11,91295,62515.46,28779.54,31.52,68.48,0,28-11-1959
120,1959-12,31111,14797.53,16313.47,52.44,47.56,0,28-12-1959
121,1960-01,28155,22647.01,5507.99,19.56,80.44,0,28-01-1960
122,1960-02,132561,120442.47,12118.53,9.14,90.86,1,28-02-1960
123,1960-03,105981,82949.36,23031.64,21.73,78.27,0,28-03-1960
124,1960-04,36646,27960.58,8685.42,23.7,76.3,0,28-04-1960
125,1960-05,116601,109627.4,6973.6,5.98,94.02,1,28-05-1960
126,1960-06,36371,25143.56,11227.44,30.87,69.13,0,28-06-1960
127,1960-07,22049,20901.12,1147.88,5.21,94.79,1,28-07-1960
128,1960-08,132893,118735.73,14157.27,10.65,89.35,0,28-08-1960
129,1960-09,137796,122011.47,15784.53,11.46,88.54,0,28-09-1960
130,1960-10,92694,54361.92,38332.08,41.35,58.65,0,28-10-1960
131,1960-11,137858,108245.66,29612.34,21.48,78.52,0,28-11-1960
132,1960-12,71407,63795.77,7611.23,10.66,89.34,0,28-12-1960
133,1961-01,26295,16368.1,9926.9,37.75,62.25,0,28-01-1961
134,1961-02,79040,59526.4,19513.6,24.69,75.31,0,28-02-1961
135,1961-03,32874,30066.54,2807.46,8.54,91.46,1,28-03-1961
136,1961-04,25539,22837.1,2701.9,10.58,89.42,0,28-04-1961
137,1961-05,81267,58461.66,22805.34,28.06,71.94,0,28-05-1961
138,1961-06,146063,66576.88,79486.12,54.42,45.58,0,28-06-1961
139,1961-07,102018,95439.38,6578.62,6.45,93.55,1,28-07-1961
140,1961-08,88497,43225.87,45271.13,51.16,48.84,0,28-08-1961
141,1961-09,139121,92805.89,46315.11,33.29,66.71,0,28-09-1961
142,1961-10,146114,110838.97,35275.03,24.14,75.86,0,28-10-1961
143,1961-11,132296,65719.21,66576.79,50.32,49.68,0,28-11-1961
144,1961-12,58467,31015.98,27451.02,46.95,53.05,0,28-12-1961
145,1962-01,111412,55522.45,55889.55,50.16,49.84,0,28-01-1962
146,1962-02,78871,59728.86,19142.14,24.27,75.73,0,28-02-1962
147,1962-03,66214,52740.57,13473.43,20.35,79.65,0,28-03-1962
148,1962-04,90271,64324.38,25946.62,28.74,71.26,0,28-04-1962
149,1962-05,90091,61248.16,28842.84,32.02,67.98,0,28-05-1962
150,1962-06,65525,35767.56,29757.44,45.41,54.59,0,28-06-1962
151,1962-07,26893,19482.07,7410.93,27.56,72.44,0,28-07-1962
152,1962-08,67333,41490.85,25842.15,38.38,61.62,0,28-08-1962
153,1962-09,96213,86433.37,9779.63,10.16,89.84,0,28-09-1962
154,1962-10,50746,42481.82,8264.18,16.29,83.71,0,28-10-1962
155,1962-11,74045,55889.67,18155.33,24.52,75.48,0,28-11-1962
156,1962-12,59790,40112.2,19677.8,32.91,67.09,0,28-12-1962
157,1963-01,114660,60380.17,54279.83,47.34,52.66,0,28-01-1963
158,1963-02,94543,52416.98,42126.02,44.56,55.44,0,28-02-1963
159,1963-03,122946,101148.25,21797.75,17.73,82.27,0,28-03-1963
160,1963-04,125983,62665.31,63317.69,50.26,49.74,0,28-04-1963
161,1963-05,144123,94900.6,49222.4,34.15,65.85,0,28-05-1963
162,1963-06,102989,93017.13,9971.87,9.68,90.32,1,28-06-1963
163,1963-07,67202,54517.31,12684.69,18.88,81.12,0,28-07-1963
164,1963-08,53828,49014.44,4813.56,8.94,91.06,1,28-08-1963
165,1963-09,116752,82195.83,34556.17,29.6,70.4,0,28-09-1963
166,1963-10,135294,125822.2,9471.8,7,93,1,28-10-1963
167,1963-11,74240,32772.54,41467.46,55.86,44.14,0,28-11-1963
168,1963-12,30492,18655.12,11836.88,38.82,61.18,0,28-12-1963
169,1964-01,26102,14295.05,11806.95,45.23,54.77,0,28-01-1964
170,1964-02,105314,51943.08,53370.92,50.68,49.32,0,28-02-1964
171,1964-03,54584,33682.71,20901.29,38.29,61.71,0,28-03-1964
172,1964-04,43093,33733.91,9359.09,21.72,78.28,0,28-04-1964
173,1964-05,120199,52734.77,67464.23,56.13,43.87,0,28-05-1964
174,1964-06,131217,96871.47,34345.53,26.17,73.83,0,28-06-1964
175,1964-07,31093,18570.47,12522.53,40.27,59.73,0,28-07-1964
176,1964-08,76958,52722.49,24235.51,31.49,68.51,0,28-08-1964
177,1964-09,119713,69122.64,50590.36,42.26,57.74,0,28-09-1964
178,1964-10,47751,37406.16,10344.84,21.66,78.34,0,28-10-1964
179,1964-11,98069,58617.82,39451.18,40.23,59.77,0,28-11-1964
180,1964-12,74748,42089.15,32658.85,43.69,56.31,0,28-12-1964
181,1965-01,69689,58926.4,10762.6,15.44,84.56,0,28-01-1965
182,1965-02,49592,36516.2,13075.8,26.37,73.63,0,28-02-1965
183,1965-03,108891,74180.72,34710.28,31.88,68.12,0,28-03-1965
184,1965-04,109912,81922.02,27989.98,25.47,74.53,0,28-04-1965
185,1965-05,146995,111345.8,35649.2,24.25,75.75,0,28-05-1965
186,1965-06,26655,16478.95,10176.05,38.18,61.82,0,28-06-1965
187,1965-07,96429,85773.88,10655.12,11.05,88.95,0,28-07-1965
188,1965-08,75766,31457.23,44308.77,58.48,41.52,0,28-08-1965
189,1965-09,52097,23531.7,28565.3,54.83,45.17,0,28-09-1965
190,1965-10,30966,23831.88,7134.12,23.04,76.96,0,28-10-1965
191,1965-11,138834,91086.06,47747.94,34.39,65.61,0,28-11-1965
192,1965-12,69726,65543.31,4182.69,6,94,1,28-12-1965
193,1966-01,42677,30939.05,11737.95,27.5,72.5,0,28-01-1966
194,1966-02,76661,41215.89,35445.11,46.24,53.76,0,28-02-1966
195,1966-03,90313,76985.54,13327.46,14.76,85.24,0,28-03-1966
196,1966-04,115285,80168.65,35116.35,30.46,69.54,0,28-04-1966
197,1966-05,112772,77500.73,35271.27,31.28,68.72,0,28-05-1966
198,1966-06,39508,21703.66,17804.34,45.07,54.93,0,28-06-1966
199,1966-07,68747,51050.82,17696.18,25.74,74.26,0,28-07-1966
200,1966-08,107235,92555.89,14679.11,13.69,86.31,0,28-08-1966
201,1966-09,78335,54227.02,24107.98,30.78,69.22,0,28-09-1966
202,1966-10,89678,70373.17,19304.83,21.53,78.47,0,28-10-1966
203,1966-11,92615,74031.82,18583.18,20.06,79.94,0,28-11-1966
204,1966-12,114476,106834.19,7641.81,6.68,93.32,1,28-12-1966
205,1967-01,131721,76085.48,55635.52,42.24,57.76,0,28-01-1967
206,1967-02,106672,66067.46,40604.54,38.06,61.94,0,28-02-1967
207,1967-03,99634,63908.66,35725.34,35.86,64.14,0,28-03-1967
208,1967-04,132566,71316.97,61249.03,46.2,53.8,0,28-04-1967
209,1967-05,52217,48533.44,3683.56,7.05,92.95,1,28-05-1967
210,1967-06,71990,45754.9,26235.1,36.44,63.56,0,28-06-1967
211,1967-07,120235,75137.75,45097.25,37.51,62.49,0,28-07-1967
212,1967-08,86617,78246.99,8370.01,9.66,90.34,1,28-08-1967
213,1967-09,145729,77510.78,68218.22,46.81,53.19,0,28-09-1967
214,1967-10,25237,20013.64,5223.36,20.7,79.3,0,28-10-1967
215,1967-11,65543,59908.77,5634.23,8.6,91.4,1,28-11-1967
216,1967-12,131488,121649.53,9838.47,7.48,92.52,1,28-12-1967
217,1968-01,73222,55752.05,17469.95,23.86,76.14,0,28-01-1968
218,1968-02,36964,27222.01,9741.99,26.36,73.64,0,28-02-1968
219,1968-03,79638,33945.21,45692.79,57.38,42.62,0,28-03-1968
220,1968-04,138937,82776.58,56160.42,40.42,59.58,0,28-04-1968
221,1968-05,33284,15513.36,17770.64,53.39,46.61,0,28-05-1968
222,1968-06,113468,52630.99,60837.01,53.62,46.38,0,28-06-1968
223,1968-07,74340,33585.8,40754.2,54.82,45.18,0,28-07-1968
224,1968-08,71293,62060.79,9232.21,12.95,87.05,0,28-08-1968
225,1968-09,80403,39914.59,40488.41,50.36,49.64,0,28-09-1968
226,1968-10,63919,29007,34912,54.62,45.38,0,28-10-1968
227,1968-11,55247,46617.54,8629.46,15.62,84.38,0,28-11-1968
228,1968-12,111747,55343.93,56403.07,50.47,49.53,0,28-12-1968
229,1969-01,79101,59909.16,19191.84,24.26,75.74,0,28-01-1969
230,1969-02,124185,91737.64,32447.36,26.13,73.87,0,28-02-1969
231,1969-03,118116,104848.53,13267.47,11.23,88.77,0,28-03-1969
232,1969-04,146131,88560.78,57570.22,39.4,60.6,0,28-04-1969
233,1969-05,43289,39539.74,3749.26,8.66,91.34,1,28-05-1969
234,1969-06,29823,25977.9,3845.1,12.89,87.11,0,28-06-1969
235,1969-07,29540,22928.36,6611.64,22.38,77.62,0,28-07-1969
236,1969-08,47663,20915.14,26747.86,56.12,43.88,0,28-08-1969
237,1969-09,124182,114165.28,10016.72,8.07,91.93,1,28-09-1969
238,1969-10,69115,49913.23,19201.77,27.78,72.22,0,28-10-1969
239,1969-11,80890,67989.83,12900.17,15.95,84.05,0,28-11-1969
240,1969-12,79275,48634.69,30640.31,38.65,61.35,0,28-12-1969
241,1970-01,55195,25978.92,29216.08,52.93,47.07,0,28-01-1970
242,1970-02,90588,63419.68,27168.32,29.99,70.01,0,28-02-1970
243,1970-03,140420,104509.95,35910.05,25.57,74.43,0,28-03-1970
244,1970-04,117856,109447.54,8408.46,7.13,92.87,1,28-04-1970
245,1970-05,89449,45947.84,43501.16,48.63,51.37,0,28-05-1970
246,1970-06,40764,17860.69,22903.31,56.19,43.81,0,28-06-1970
247,1970-07,58494,35534.67,22959.33,39.25,60.75,0,28-07-1970
248,1970-08,117532,53117.84,64414.16,54.81,45.19,0,28-08-1970
249,1970-09,120386,70438.43,49947.57,41.49,58.51,0,28-09-1970
250,1970-10,114297,65770.68,48526.32,42.46,57.54,0,28-10-1970
251,1970-11,134585,104288.24,30296.76,22.51,77.49,0,28-11-1970
252,1970-12,96797,82079.76,14717.24,15.2,84.8,0,28-12-1970
253,1971-01,127112,85523.57,41588.43,32.72,67.28,0,28-01-1971
254,1971-02,102745,80470.44,22274.56,21.68,78.32,0,28-02-1971
255,1971-03,46092,42181.39,3910.61,8.48,91.52,1,28-03-1971
256,1971-04,27543,22152.53,5390.47,19.57,80.43,0,28-04-1971
257,1971-05,80692,75218.61,5473.39,6.78,93.22,1,28-05-1971
258,1971-06,143555,71431.78,72123.22,50.24,49.76,0,28-06-1971
259,1971-07,38888,27714.94,11173.06,28.73,71.27,0,28-07-1971
260,1971-08,137474,129882.39,7591.61,5.52,94.48,1,28-08-1971
261,1971-09,105999,49843.84,56155.16,52.98,47.02,0,28-09-1971
262,1971-10,90640,74961.74,15678.26,17.3,82.7,0,28-10-1971
263,1971-11,79031,69303.4,9727.6,12.31,87.69,0,28-11-1971
264,1971-12,52479,45768.35,6710.65,12.79,87.21,0,28-12-1971
265,1972-01,56208,43500.19,12707.81,22.61,77.39,0,28-01-1972
266,1972-02,63286,51578,11708,18.5,81.5,0,28-02-1972
267,1972-03,41352,25131.71,16220.29,39.22,60.78,0,28-03-1972
268,1972-04,130448,88429.24,42018.76,32.21,67.79,0,28-04-1972
269,1972-05,66959,41132.24,25826.76,38.57,61.43,0,28-05-1972
270,1972-06,139180,124223.41,14956.59,10.75,89.25,0,28-06-1972
271,1972-07,67280,28891.17,38388.83,57.06,42.94,0,28-07-1972
272,1972-08,83932,75367.59,8564.41,10.2,89.8,0,28-08-1972
273,1972-09,56939,33889.97,23049.03,40.48,59.52,0,28-09-1972
274,1972-10,79163,73030.57,6132.43,7.75,92.25,1,28-10-1972
275,1972-11,84895,56487.99,28407.01,33.46,66.54,0,28-11-1972
276,1972-12,80921,60489.29,20431.71,25.25,74.75,0,28-12-1972
277,1973-01,106900,48151.75,58748.25,54.96,45.04,0,28-01-1973
278,1973-02,122795,71315.1,51479.9,41.92,58.08,0,28-02-1973
279,1973-03,31130,16094.22,15035.78,48.3,51.7,0,28-03-1973
280,1973-04,138324,115551.51,22772.49,16.46,83.54,0,28-04-1973
281,1973-05,47192,21821.84,25370.16,53.76,46.24,0,28-05-1973
282,1973-06,109780,73764.6,36015.4,32.81,67.19,0,28-06-1973
283,1973-07,31174,29545.54,1628.46,5.22,94.78,1,28-07-1973
284,1973-08,123033,79090.75,43942.25,35.72,64.28,0,28-08-1973
285,1973-09,58102,40686.14,17415.86,29.97,70.03,0,28-09-1973
286,1973-10,109930,51050.05,58879.95,53.56,46.44,0,28-10-1973
287,1973-11,92267,71822.16,20444.84,22.16,77.84,0,28-11-1973
288,1973-12,102873,76128.07,26744.93,26,74,0,28-12-1973
289,1974-01,97052,83577.73,13474.27,13.88,86.12,0,28-01-1974
290,1974-02,41677,32738.66,8938.34,21.45,78.55,0,28-02-1974
291,1974-03,59081,36521.42,22559.58,38.18,61.82,0,28-03-1974
292,1974-04,108858,85827.26,23030.74,21.16,78.84,0,28-04-1974
293,1974-05,103460,70593.8,32866.2,31.77,68.23,0,28-05-1974
294,1974-06,74693,70409.49,4283.51,5.73,94.27,1,28-06-1974
295,1974-07,33807,29571.87,4235.13,12.53,87.47,0,28-07-1974
296,1974-08,103285,87486.5,15798.5,15.3,84.7,0,28-08-1974
297,1974-09,77854,70008.77,7845.23,10.08,89.92,0,28-09-1974
298,1974-10,21324,17365.37,3958.63,18.56,81.44,0,28-10-1974
299,1974-11,55909,44140.14,11768.86,21.05,78.95,0,28-11-1974
300,1974-12,54578,45159.52,9418.48,17.26,82.74,0,28-12-1974
301,1975-01,123605,97375.57,26229.43,21.22,78.78,0,28-01-1975
302,1975-02,45289,40691.94,4597.06,10.15,89.85,0,28-02-1975
303,1975-03,114246,72997.31,41248.69,36.11,63.89,0,28-03-1975
304,1975-04,106188,43138.29,63049.71,59.38,40.62,0,28-04-1975
305,1975-05,29435,21025.72,8409.28,28.57,71.43,0,28-05-1975
306,1975-06,50355,23432.69,26922.31,53.47,46.53,0,28-06-1975
307,1975-07,33116,28232.54,4883.46,14.75,85.25,0,28-07-1975
308,1975-08,62918,50984.01,11933.99,18.97,81.03,0,28-08-1975
309,1975-09,128492,68181.52,60310.48,46.94,53.06,0,28-09-1975
310,1975-10,86040,52155.63,33884.37,39.38,60.62,0,28-10-1975
311,1975-11,48016,21395.46,26620.54,55.44,44.56,0,28-11-1975
312,1975-12,102848,53787.21,49060.79,47.7,52.3,0,28-12-1975
313,1976-01,134821,113406.04,21414.96,15.88,84.12,0,28-01-1976
314,1976-02,131276,122537.4,8738.6,6.66,93.34,1,28-02-1976
315,1976-03,54620,31541.82,23078.18,42.25,57.75,0,28-03-1976
316,1976-04,40559,27995.27,12563.73,30.98,69.02,0,28-04-1976
317,1976-05,81642,73927.94,7714.06,9.45,90.55,1,28-05-1976
318,1976-06,148675,104759.36,43915.64,29.54,70.46,0,28-06-1976
319,1976-07,33843,14941.31,18901.69,55.85,44.15,0,28-07-1976
320,1976-08,91726,68443.12,23282.88,25.38,74.62,0,28-08-1976
321,1976-09,58413,32826.45,25586.55,43.8,56.2,0,28-09-1976
322,1976-10,72736,54199.74,18536.26,25.48,74.52,0,28-10-1976
323,1976-11,126357,77243.42,49113.58,38.87,61.13,0,28-11-1976
324,1976-12,61430,26107.47,35322.53,57.5,42.5,0,28-12-1976
325,1977-01,98859,91670.6,7188.4,7.27,92.73,1,28-01-1977
326,1977-02,31023,27599.46,3423.54,11.04,88.96,0,28-02-1977
327,1977-03,145899,66926.18,78972.82,54.13,45.87,0,28-03-1977
328,1977-04,139156,76891.99,62264.01,44.74,55.26,0,28-04-1977
329,1977-05,66427,50203.31,16223.69,24.42,75.58,0,28-05-1977
330,1977-06,122023,72523.6,49499.4,40.57,59.43,0,28-06-1977
331,1977-07,51921,28362.67,23558.33,45.37,54.63,0,28-07-1977
332,1977-08,123268,115368.63,7899.37,6.41,93.59,1,28-08-1977
333,1977-09,40159,26074.53,14084.47,35.07,64.93,0,28-09-1977
334,1977-10,141790,98523.21,43266.79,30.51,69.49,0,28-10-1977
335,1977-11,98752,61834.92,36917.08,37.38,62.62,0,28-11-1977
336,1977-12,145388,112908.63,32479.37,22.34,77.66,0,28-12-1977
337,1978-01,102844,48671.11,54172.89,52.67,47.33,0,28-01-1978
338,1978-02,142402,121382.82,21019.18,14.76,85.24,0,28-02-1978
339,1978-03,25713,16177.37,9535.63,37.08,62.92,0,28-03-1978
340,1978-04,90340,66614.76,23725.24,26.26,73.74,0,28-04-1978
341,1978-05,149473,66591.96,82881.04,55.45,44.55,0,28-05-1978
342,1978-06,78141,68477.7,9663.3,12.37,87.63,0,28-06-1978
343,1978-07,115084,56466.98,58617.02,50.93,49.07,0,28-07-1978
344,1978-08,21015,12757.26,8257.74,39.29,60.71,0,28-08-1978
345,1978-09,47712,31690.48,16021.52,33.58,66.42,0,28-09-1978
346,1978-10,131854,63649.79,68204.21,51.73,48.27,0,28-10-1978
347,1978-11,82292,66843.16,15448.84,18.77,81.23,0,28-11-1978
348,1978-12,82680,77177.89,5502.11,6.65,93.35,1,28-12-1978
349,1979-01,92474,65933.48,26540.52,28.7,71.3,0,28-01-1979
350,1979-02,40384,26563.84,13820.16,34.22,65.78,0,28-02-1979
351,1979-03,125570,59472.3,66097.7,52.64,47.36,0,28-03-1979
352,1979-04,20404,8794.26,11609.74,56.9,43.1,0,28-04-1979
353,1979-05,49189,38389.21,10799.79,21.96,78.04,0,28-05-1979
354,1979-06,80100,76082.56,4017.44,5.02,94.98,1,28-06-1979
355,1979-07,124293,112142.26,12150.74,9.78,90.22,1,28-07-1979
356,1979-08,43574,35858.92,7715.08,17.71,82.29,0,28-08-1979
357,1979-09,30916,25239.66,5676.34,18.36,81.64,0,28-09-1979
358,1979-10,73330,39307.92,34022.08,46.4,53.6,0,28-10-1979
359,1979-11,76397,39174.47,37222.53,48.72,51.28,0,28-11-1979
360,1979-12,54816,50689.89,4126.11,7.53,92.47,1,28-12-1979
361,1980-01,37100,19068.48,18031.52,48.6,51.4,0,28-01-1980
362,1980-02,90080,69310.74,20769.26,23.06,76.94,0,28-02-1980
363,1980-03,128319,54637.34,73681.66,57.42,42.58,0,28-03-1980
364,1980-04,132734,61383.72,71350.28,53.75,46.25,0,28-04-1980
365,1980-05,34489,23245.27,11243.73,32.6,67.4,0,28-05-1980
366,1980-06,81877,67530.11,14346.89,17.52,82.48,0,28-06-1980
367,1980-07,114074,64939.76,49134.24,43.07,56.93,0,28-07-1980
368,1980-08,62944,44284.17,18659.83,29.65,70.35,0,28-08-1980
369,1980-09,126884,56923.27,69960.73,55.14,44.86,0,28-09-1980
370,1980-10,57626,35838.51,21787.49,37.81,62.19,0,28-10-1980
371,1980-11,73871,49052.21,24818.79,33.6,66.4,0,28-11-1980
372,1980-12,35254,28743.48,6510.52,18.47,81.53,0,28-12-1980
373,1981-01,59764,44921.54,14842.46,24.84,75.16,0,28-01-1981
374,1981-02,112234,58039.6,54194.4,48.29,51.71,0,28-02-1981
375,1981-03,101317,74923.42,26393.58,26.05,73.95,0,28-03-1981
376,1981-04,125185,74212.57,50972.43,40.72,59.28,0,28-04-1981
377,1981-05,75393,56556.39,18836.61,24.98,75.02,0,28-05-1981
378,1981-06,45934,29425.84,16508.16,35.94,64.06,0,28-06-1981
379,1981-07,81886,65469.36,16416.64,20.05,79.95,0,28-07-1981
380,1981-08,114456,78138.45,36317.55,31.73,68.27,0,28-08-1981
381,1981-09,117239,105604.11,11634.89,9.92,90.08,1,28-09-1981
382,1981-10,90173,66921.68,23251.32,25.79,74.21,0,28-10-1981
383,1981-11,142418,111613.42,30804.58,21.63,78.37,0,28-11-1981
384,1981-12,123196,59243.78,63952.22,51.91,48.09,0,28-12-1981
385,1982-01,75479,65149.72,10329.28,13.68,86.32,0,28-01-1982
386,1982-02,137520,74540.57,62979.43,45.8,54.2,0,28-02-1982
387,1982-03,145911,62044.81,83866.19,57.48,42.52,0,28-03-1982
388,1982-04,93477,62717.45,30759.55,32.91,67.09,0,28-04-1982
389,1982-05,89836,46267.51,43568.49,48.5,51.5,0,28-05-1982
390,1982-06,147018,78225.35,68792.65,46.79,53.21,0,28-06-1982
391,1982-07,136594,95000.43,41593.57,30.45,69.55,0,28-07-1982
392,1982-08,44214,20799.38,23414.62,52.96,47.04,0,28-08-1982
393,1982-09,91774,56915.05,34858.95,37.98,62.02,0,28-09-1982
394,1982-10,42415,31916.49,10498.51,24.75,75.25,0,28-10-1982
395,1982-11,130951,102544.56,28406.44,21.69,78.31,0,28-11-1982
396,1982-12,61240,54701.63,6538.37,10.68,89.32,0,28-12-1982
397,1983-01,121570,83078.49,38491.51,31.66,68.34,0,28-01-1983
398,1983-02,135359,66972.37,68386.63,50.52,49.48,0,28-02-1983
399,1983-03,141465,74002.74,67462.26,47.69,52.31,0,28-03-1983
400,1983-04,77108,38007.63,39100.37,50.71,49.29,0,28-04-1983
401,1983-05,131195,77561.25,53633.75,40.88,59.12,0,28-05-1983
402,1983-06,43061,19325.19,23735.81,55.12,44.88,0,28-06-1983
403,1983-07,149668,97797.31,51870.69,34.66,65.34,0,28-07-1983
404,1983-08,38777,34582.08,4194.92,10.82,89.18,0,28-08-1983
405,1983-09,128464,86954.65,41509.35,32.31,67.69,0,28-09-1983
406,1983-10,132428,76393.81,56034.19,42.31,57.69,0,28-10-1983
407,1983-11,43321,36375.59,6945.41,16.03,83.97,0,28-11-1983
408,1983-12,25240,19643.83,5596.17,22.17,77.83,0,28-12-1983
409,1984-01,148055,130357.73,17697.27,11.95,88.05,0,28-01-1984
410,1984-02,39262,23851.95,15410.05,39.25,60.75,0,28-02-1984
411,1984-03,24432,13493.37,10938.63,44.77,55.23,0,28-03-1984
412,1984-04,99104,44248.39,54855.61,55.35,44.65,0,28-04-1984
413,1984-05,99714,50005.23,49708.77,49.85,50.15,0,28-05-1984
414,1984-06,145646,101242.15,44403.85,30.49,69.51,0,28-06-1984
415,1984-07,20055,13366.41,6688.59,33.35,66.65,0,28-07-1984
416,1984-08,147449,120609.67,26839.33,18.2,81.8,0,28-08-1984
417,1984-09,87661,57364.84,30296.16,34.56,65.44,0,28-09-1984
418,1984-10,36748,15959.21,20788.79,56.57,43.43,0,28-10-1984
419,1984-11,35034,18877.73,16156.27,46.12,53.88,0,28-11-1984
420,1984-12,25126,19546.55,5579.45,22.21,77.79,0,28-12-1984
421,1985-01,102838,70076.14,32761.86,31.86,68.14,0,28-01-1985
422,1985-02,58638,24437.95,34200.05,58.32,41.68,0,28-02-1985
423,1985-03,138033,89179.92,48853.08,35.39,64.61,0,28-03-1985
424,1985-04,125186,77420.04,47765.96,38.16,61.84,0,28-04-1985
425,1985-05,66271,36322.06,29948.94,45.19,54.81,0,28-05-1985
426,1985-06,131076,65571.57,65504.43,49.97,50.03,0,28-06-1985
427,1985-07,21062,12155.8,8906.2,42.29,57.71,0,28-07-1985
428,1985-08,115462,51849.64,63612.36,55.09,44.91,0,28-08-1985
429,1985-09,134813,62805.22,72007.78,53.41,46.59,0,28-09-1985
430,1985-10,124592,73336.07,51255.93,41.14,58.86,0,28-10-1985
431,1985-11,26168,20241.11,5926.89,22.65,77.35,0,28-11-1985
432,1985-12,93794,70988.23,22805.77,24.31,75.69,0,28-12-1985
433,1986-01,144049,64506.03,79542.97,55.22,44.78,0,28-01-1986
434,1986-02,138894,111844.72,27049.28,19.47,80.53,0,28-02-1986
435,1986-03,32910,26656.83,6253.17,19,81,0,28-03-1986
436,1986-04,101264,71943.23,29320.77,28.95,71.05,0,28-04-1986
437,1986-05,101449,56413.43,45035.57,44.39,55.61,0,28-05-1986
438,1986-06,82981,74251.9,8729.1,10.52,89.48,0,28-06-1986
439,1986-07,68447,48866.23,19580.77,28.61,71.39,0,28-07-1986
440,1986-08,95703,64507.29,31195.71,32.6,67.4,0,28-08-1986
441,1986-09,132581,97205.23,35375.77,26.68,73.32,0,28-09-1986
442,1986-10,78656,31788.34,46867.66,59.59,40.41,0,28-10-1986
443,1986-11,112436,54427.18,58008.82,51.59,48.41,0,28-11-1986
444,1986-12,91158,60920.47,30237.53,33.17,66.83,0,28-12-1986
445,1987-01,97149,48828.24,48320.76,49.74,50.26,0,28-01-1987
446,1987-02,96125,47616.05,48508.95,50.46,49.54,0,28-02-1987
447,1987-03,47446,40958.84,6487.16,13.67,86.33,0,28-03-1987
448,1987-04,149922,103218.49,46703.51,31.15,68.85,0,28-04-1987
449,1987-05,135751,106337.67,29413.33,21.67,78.33,0,28-05-1987
450,1987-06,29111,13438.26,15672.74,53.84,46.16,0,28-06-1987
451,1987-07,142177,101912.35,40264.65,28.32,71.68,0,28-07-1987
452,1987-08,48746,42702.91,6043.09,12.4,87.6,0,28-08-1987
453,1987-09,127141,119040.46,8100.54,6.37,93.63,1,28-09-1987
454,1987-10,132221,65315.61,66905.39,50.6,49.4,0,28-10-1987
455,1987-11,33234,28297.88,4936.12,14.85,85.15,0,28-11-1987
456,1987-12,73441,51865.47,21575.53,29.38,70.62,0,28-12-1987
457,1988-01,99239,65710.18,33528.82,33.79,66.21,0,28-01-1988
458,1988-02,108236,89102.16,19133.84,17.68,82.32,0,28-02-1988
459,1988-03,26469,24679.61,1789.39,6.76,93.24,1,28-03-1988
460,1988-04,84323,53459.94,30863.06,36.6,63.4,0,28-04-1988
461,1988-05,69376,55843.24,13532.76,19.51,80.49,0,28-05-1988
462,1988-06,124587,57703.75,66883.25,53.68,46.32,0,28-06-1988
463,1988-07,124537,102404.13,22132.87,17.77,82.23,0,28-07-1988
464,1988-08,62533,45003.81,17529.19,28.03,71.97,0,28-08-1988
465,1988-09,40618,37068.31,3549.69,8.74,91.26,1,28-09-1988
466,1988-10,125292,86817.86,38474.14,30.71,69.29,0,28-10-1988
467,1988-11,40128,24200.26,15927.74,39.69,60.31,0,28-11-1988
468,1988-12,79383,37621.83,41761.17,52.61,47.39,0,28-12-1988
469,1989-01,107958,75776.49,32181.51,29.81,70.19,0,28-01-1989
470,1989-02,59809,34527.41,25281.59,42.27,57.73,0,28-02-1989
471,1989-03,146593,65721.67,80871.33,55.17,44.83,0,28-03-1989
472,1989-04,21342,16536.35,4805.65,22.52,77.48,0,28-04-1989
473,1989-05,39216,18203.39,21012.61,53.58,46.42,0,28-05-1989
474,1989-06,113070,74554.62,38515.38,34.06,65.94,0,28-06-1989
475,1989-07,46614,39009.35,7604.65,16.31,83.69,0,28-07-1989
476,1989-08,62078,56568.02,5509.98,8.88,91.12,1,28-08-1989
477,1989-09,116573,94457.47,22115.53,18.97,81.03,0,28-09-1989
478,1989-10,62929,29473.64,33455.36,53.16,46.84,0,28-10-1989
479,1989-11,28567,26996.14,1570.86,5.5,94.5,1,28-11-1989
480,1989-12,85441,42693,42748,50.03,49.97,0,28-12-1989
481,1990-01,144450,131384.09,13065.91,9.05,90.95,1,28-01-1990
482,1990-02,56159,40207.61,15951.39,28.4,71.6,0,28-02-1990
483,1990-03,25951,21535,4416,17.02,82.98,0,28-03-1990
484,1990-04,146730,122871.26,23858.74,16.26,83.74,0,28-04-1990
485,1990-05,141101,118488.92,22612.08,16.03,83.97,0,28-05-1990
486,1990-06,144194,70704.98,73489.02,50.97,49.03,0,28-06-1990
487,1990-07,149028,78929.77,70098.23,47.04,52.96,0,28-07-1990
488,1990-08,20077,13806.67,6270.33,31.23,68.77,0,28-08-1990
489,1990-09,40611,23306.98,17304.02,42.61,57.39,0,28-09-1990
490,1990-10,102985,63422.78,39562.22,38.42,61.58,0,28-10-1990
491,1990-11,63303,41056.54,22246.46,35.14,64.86,0,28-11-1990
492,1990-12,49287,29932.95,19354.05,39.27,60.73,0,28-12-1990
493,1991-01,31954,23750,8204,25.67,74.33,0,28-01-1991
494,1991-02,91520,74239.67,17280.33,18.88,81.12,0,28-02-1991
495,1991-03,38574,27681.38,10892.62,28.24,71.76,0,28-03-1991
496,1991-04,87728,78496.03,9231.97,10.52,89.48,0,28-04-1991
497,1991-05,65558,45400.33,20157.67,30.75,69.25,0,28-05-1991
498,1991-06,147796,132803.52,14992.48,10.14,89.86,0,28-06-1991
499,1991-07,24018,16778.19,7239.81,30.14,69.86,0,28-07-1991
500,1991-08,61157,56075.32,5081.68,8.31,91.69,1,28-08-1991
501,1991-09,116646,93527,23119,19.82,80.18,0,28-09-1991
502,1991-10,116809,55671.13,61137.87,52.34,47.66,0,28-10-1991
503,1991-11,100910,89128.36,11781.64,11.68,88.32,0,28-11-1991
504,1991-12,25408,17618,7790,30.66,69.34,0,28-12-1991
505,1992-01,29446,21060.75,8385.25,28.48,71.52,0,28-01-1992
506,1992-02,71356,34495,36861,51.66,48.34,0,28-02-1992
507,1992-03,86656,68357.65,18298.35,21.12,78.88,0,28-03-1992
508,1992-04,52154,42201.48,9952.52,19.08,80.92,0,28-04-1992
509,1992-05,123677,63384.4,60292.6,48.75,51.25,0,28-05-1992
510,1992-06,79201,64893.52,14307.48,18.06,81.94,0,28-06-1992
511,1992-07,132250,107790.28,24459.72,18.5,81.5,0,28-07-1992
512,1992-08,66197,56379.42,9817.58,14.83,85.17,0,28-08-1992
513,1992-09,43710,26591.06,17118.94,39.16,60.84,0,28-09-1992
514,1992-10,148876,69989.4,78886.6,52.99,47.01,0,28-10-1992
515,1992-11,60631,41002.23,19628.77,32.37,67.63,0,28-11-1992
516,1992-12,40103,19347.88,20755.12,51.75,48.25,0,28-12-1992
517,1993-01,34382,21486.18,12895.82,37.51,62.49,0,28-01-1993
518,1993-02,23756,18910.25,4845.75,20.4,79.6,0,28-02-1993
519,1993-03,36478,26597.7,9880.3,27.09,72.91,0,28-03-1993
520,1993-04,95683,66834.43,28848.57,30.15,69.85,0,28-04-1993
521,1993-05,144714,105563.96,39150.04,27.05,72.95,0,28-05-1993
522,1993-06,91315,45646.43,45668.57,50.01,49.99,0,28-06-1993
523,1993-07,34153,20095.23,14057.77,41.16,58.84,0,28-07-1993
524,1993-08,129701,80475.36,49225.64,37.95,62.05,0,28-08-1993
525,1993-09,20814,11621.73,9192.27,44.16,55.84,0,28-09-1993
526,1993-10,110474,53507.34,56966.66,51.57,48.43,0,28-10-1993
527,1993-11,95916,45705.31,50210.69,52.35,47.65,0,28-11-1993
528,1993-12,129777,95554.78,34222.22,26.37,73.63,0,28-12-1993
529,1994-01,76942,61503.79,15438.21,20.06,79.94,0,28-01-1994
530,1994-02,47306,43174.53,4131.47,8.73,91.27,1,28-02-1994
531,1994-03,57219,51801.09,5417.91,9.47,90.53,1,28-03-1994
532,1994-04,84644,76803.82,7840.18,9.26,90.74,1,28-04-1994
533,1994-05,124263,94222.66,30040.34,24.17,75.83,0,28-05-1994
534,1994-06,47632,34150.17,13481.83,28.3,71.7,0,28-06-1994
535,1994-07,129945,56903.81,73041.19,56.21,43.79,0,28-07-1994
536,1994-08,106066,85387.83,20678.17,19.5,80.5,0,28-08-1994
537,1994-09,64327,55465.43,8861.57,13.78,86.22,0,28-09-1994
538,1994-10,67882,43984.93,23897.07,35.2,64.8,0,28-10-1994
539,1994-11,96589,51167.86,45421.14,47.03,52.97,0,28-11-1994
540,1994-12,121721,104849.73,16871.27,13.86,86.14,0,28-12-1994
541,1995-01,144085,124002.42,20082.58,13.94,86.06,0,28-01-1995
542,1995-02,121376,106621.9,14754.1,12.16,87.84,0,28-02-1995
543,1995-03,57430,30154.63,27275.37,47.49,52.51,0,28-03-1995
544,1995-04,83374,51646.15,31727.85,38.05,61.95,0,28-04-1995
545,1995-05,76264,61723.3,14540.7,19.07,80.93,0,28-05-1995
546,1995-06,77545,65259.5,12285.5,15.84,84.16,0,28-06-1995
547,1995-07,122516,89687.45,32828.55,26.8,73.2,0,28-07-1995
548,1995-08,60738,37596.38,23141.62,38.1,61.9,0,28-08-1995
549,1995-09,69688,60972.47,8715.53,12.51,87.49,0,28-09-1995
550,1995-10,93509,55216.16,38292.84,40.95,59.05,0,28-10-1995
551,1995-11,146161,97118.19,49042.81,33.55,66.45,0,28-11-1995
552,1995-12,141178,91584.97,49593.03,35.13,64.87,0,28-12-1995
553,1996-01,131530,54988.18,76541.82,58.19,41.81,0,28-01-1996
554,1996-02,147738,70540.66,77197.34,52.25,47.75,0,28-02-1996
555,1996-03,131255,94201.4,37053.6,28.23,71.77,0,28-03-1996
556,1996-04,90835,57263.2,33571.8,36.96,63.04,0,28-04-1996
557,1996-05,107895,61641.52,46253.48,42.87,57.13,0,28-05-1996
558,1996-06,57148,41107.9,16040.1,28.07,71.93,0,28-06-1996
559,1996-07,24757,12899.72,11857.28,47.89,52.11,0,28-07-1996
560,1996-08,36241,27722.39,8518.61,23.51,76.49,0,28-08-1996
561,1996-09,135654,127046.44,8607.56,6.35,93.65,1,28-09-1996
562,1996-10,39816,19181.94,20634.06,51.82,48.18,0,28-10-1996
563,1996-11,72853,63625.99,9227.01,12.67,87.33,0,28-11-1996
564,1996-12,41566,39416.24,2149.76,5.17,94.83,1,28-12-1996
565,1997-01,141392,79855.06,61536.94,43.52,56.48,0,28-01-1997
566,1997-02,21759,9506.33,12252.67,56.31,43.69,0,28-02-1997
567,1997-03,112374,71327.59,41046.41,36.53,63.47,0,28-03-1997
568,1997-04,53719,48021.02,5697.98,10.61,89.39,0,28-04-1997
569,1997-05,22079,14517.55,7561.45,34.25,65.75,0,28-05-1997
570,1997-06,47952,20144.75,27807.25,57.99,42.01,0,28-06-1997
571,1997-07,110397,94953.64,15443.36,13.99,86.01,0,28-07-1997
572,1997-08,109106,47585.46,61520.54,56.39,43.61,0,28-08-1997
573,1997-09,84077,66650.58,17426.42,20.73,79.27,0,28-09-1997
574,1997-10,145937,100465.17,45471.83,31.16,68.84,0,28-10-1997
575,1997-11,139771,92891.58,46879.42,33.54,66.46,0,28-11-1997
576,1997-12,31485,22285.15,9199.85,29.22,70.78,0,28-12-1997
577,1998-01,139614,63753.31,75860.69,54.34,45.66,0,28-01-1998
578,1998-02,72487,63352.34,9134.66,12.6,87.4,0,28-02-1998
579,1998-03,60806,49513.44,11292.56,18.57,81.43,0,28-03-1998
580,1998-04,123177,67613.03,55563.97,45.11,54.89,0,28-04-1998
581,1998-05,95629,65947.49,29681.51,31.04,68.96,0,28-05-1998
582,1998-06,146944,60829.3,86114.7,58.6,41.4,0,28-06-1998
583,1998-07,125947,108551.69,17395.31,13.81,86.19,0,28-07-1998
584,1998-08,105382,80344.1,25037.9,23.76,76.24,0,28-08-1998
585,1998-09,135520,95331.2,40188.8,29.66,70.34,0,28-09-1998
586,1998-10,75106,39587.71,35518.29,47.29,52.71,0,28-10-1998
587,1998-11,96218,65238.63,30979.37,32.2,67.8,0,28-11-1998
588,1998-12,94055,43007.56,51047.44,54.27,45.73,0,28-12-1998
589,1999-01,105230,75049.4,30180.6,28.68,71.32,0,28-01-1999
590,1999-02,59986,45530,14456,24.1,75.9,0,28-02-1999
591,1999-03,121358,96655.24,24702.76,20.36,79.64,0,28-03-1999
592,1999-04,93506,49908.33,43597.67,46.63,53.37,0,28-04-1999
593,1999-05,51821,37920.46,13900.54,26.82,73.18,0,28-05-1999
594,1999-06,133453,114318.63,19134.37,14.34,85.66,0,28-06-1999
595,1999-07,139235,128016.19,11218.81,8.06,91.94,1,28-07-1999
596,1999-08,147157,75453.48,71703.52,48.73,51.27,0,28-08-1999
597,1999-09,133374,77116.12,56257.88,42.18,57.82,0,28-09-1999
598,1999-10,67057,27302.33,39754.67,59.28,40.72,0,28-10-1999
599,1999-11,143654,115605.2,28048.8,19.53,80.47,0,28-11-1999
600,1999-12,80500,33374.71,47125.29,58.54,41.46,0,28-12-1999
601,2000-01,56220,49588.53,6631.47,11.8,88.2,0,28-01-2000
602,2000-02,70460,44515.47,25944.53,36.82,63.18,0,28-02-2000
603,2000-03,28705,25858.7,2846.3,9.92,90.08,1,28-03-2000
604,2000-04,43236,25422.75,17813.25,41.2,58.8,0,28-04-2000
605,2000-05,123145,105142.31,18002.69,14.62,85.38,0,28-05-2000
606,2000-06,114914,83273.83,31640.17,27.53,72.47,0,28-06-2000
607,2000-07,139179,119256.91,19922.09,14.31,85.69,0,28-07-2000
608,2000-08,53572,33491.95,20080.05,37.48,62.52,0,28-08-2000
609,2000-09,83197,49878,33319,40.05,59.95,0,28-09-2000
610,2000-10,82516,46370.38,36145.62,43.8,56.2,0,28-10-2000
611,2000-11,140307,131327.49,8979.51,6.4,93.6,1,28-11-2000
612,2000-12,37771,18019.12,19751.88,52.29,47.71,0,28-12-2000
613,2001-01,145641,103576.55,42064.45,28.88,71.12,0,28-01-2001
614,2001-02,87642,78176.99,9465.01,10.8,89.2,0,28-02-2001
615,2001-03,106143,53088.37,53054.63,49.98,50.02,0,28-03-2001
616,2001-04,48529,20011.33,28517.67,58.76,41.24,0,28-04-2001
617,2001-05,22573,18237.35,4335.65,19.21,80.79,0,28-05-2001
618,2001-06,122337,91558.6,30778.4,25.16,74.84,0,28-06-2001
619,2001-07,80774,41995.43,38778.57,48.01,51.99,0,28-07-2001
620,2001-08,37685,32379.39,5305.61,14.08,85.92,0,28-08-2001
621,2001-09,136739,64643.62,72095.38,52.72,47.28,0,28-09-2001
622,2001-10,144956,71669.67,73286.33,50.56,49.44,0,28-10-2001
623,2001-11,146678,113785.62,32892.38,22.42,77.58,0,28-11-2001
624,2001-12,76133,68737.77,7395.23,9.71,90.29,1,28-12-2001
625,2002-01,81268,68938.01,12329.99,15.17,84.83,0,28-01-2002
626,2002-02,77384,42617.72,34766.28,44.93,55.07,0,28-02-2002
627,2002-03,59952,37343.29,22608.71,37.71,62.29,0,28-03-2002
628,2002-04,141829,121456.4,20372.6,14.36,85.64,0,28-04-2002
629,2002-05,21622,9916.24,11705.76,54.14,45.86,0,28-05-2002
630,2002-06,36725,17454.92,19270.08,52.47,47.53,0,28-06-2002
631,2002-07,126296,69030.12,57265.88,45.34,54.66,0,28-07-2002
632,2002-08,49402,35993.17,13408.83,27.14,72.86,0,28-08-2002
633,2002-09,116523,87182.97,29340.03,25.18,74.82,0,28-09-2002
634,2002-10,67924,33721.16,34202.84,50.35,49.65,0,28-10-2002
635,2002-11,79052,68060.52,10991.48,13.9,86.1,0,28-11-2002
636,2002-12,121332,74100.63,47231.37,38.93,61.07,0,28-12-2002
637,2003-01,137369,86833.67,50535.33,36.79,63.21,0,28-01-2003
638,2003-02,106145,52165.58,53979.42,50.85,49.15,0,28-02-2003
639,2003-03,136074,68228.05,67845.95,49.86,50.14,0,28-03-2003
640,2003-04,41172,30126.94,11045.06,26.83,73.17,0,28-04-2003
641,2003-05,98617,43148.62,55468.38,56.25,43.75,0,28-05-2003
642,2003-06,73002,40792.17,32209.83,44.12,55.88,0,28-06-2003
643,2003-07,109599,99026.26,10572.74,9.65,90.35,1,28-07-2003
644,2003-08,44762,25219.67,19542.33,43.66,56.34,0,28-08-2003
645,2003-09,144130,132904.97,11225.03,7.79,92.21,1,28-09-2003
646,2003-10,73302,56077.43,17224.57,23.5,76.5,0,28-10-2003
647,2003-11,24853,11786.55,13066.45,52.57,47.43,0,28-11-2003
648,2003-12,109399,56692.44,52706.56,48.18,51.82,0,28-12-2003
649,2004-01,126019,87824.35,38194.65,30.31,69.69,0,28-01-2004
650,2004-02,134130,97551.79,36578.21,27.27,72.73,0,28-02-2004
651,2004-03,35850,31029.05,4820.95,13.45,86.55,0,28-03-2004
652,2004-04,44058,32085.84,11972.16,27.17,72.83,0,28-04-2004
653,2004-05,86017,63896.26,22120.74,25.72,74.28,0,28-05-2004
654,2004-06,125921,57751.03,68169.97,54.14,45.86,0,28-06-2004
655,2004-07,35048,20795.63,14252.37,40.67,59.33,0,28-07-2004
656,2004-08,74912,50379.84,24532.16,32.75,67.25,0,28-08-2004
657,2004-09,94666,69016.94,25649.06,27.09,72.91,0,28-09-2004
658,2004-10,130616,69947.63,60668.37,46.45,53.55,0,28-10-2004
659,2004-11,65186,28862.47,36323.53,55.72,44.28,0,28-11-2004
660,2004-12,106123,82997,23126,21.79,78.21,0,28-12-2004
661,2005-01,105469,42492.36,62976.64,59.71,40.29,0,28-01-2005
662,2005-02,43051,25767.56,17283.44,40.15,59.85,0,28-02-2005
663,2005-03,145995,123232.43,22762.57,15.59,84.41,0,28-03-2005
664,2005-04,26960,12812.75,14147.25,52.47,47.53,0,28-04-2005
665,2005-05,69481,54181.85,15299.15,22.02,77.98,0,28-05-2005
666,2005-06,148496,74518.72,73977.28,49.82,50.18,0,28-06-2005
667,2005-07,21341,19782.98,1558.02,7.3,92.7,1,28-07-2005
668,2005-08,20338,16325.79,4012.21,19.73,80.27,0,28-08-2005
669,2005-09,71860,58743.37,13116.63,18.25,81.75,0,28-09-2005
670,2005-10,74756,58365.9,16390.1,21.92,78.08,0,28-10-2005
671,2005-11,78053,73316.53,4736.47,6.07,93.93,1,28-11-2005
672,2005-12,75761,50698.03,25062.97,33.08,66.92,0,28-12-2005
673,2006-01,97454,76135.58,21318.42,21.88,78.12,0,28-01-2006
674,2006-02,110600,101667.13,8932.87,8.08,91.92,1,28-02-2006
675,2006-03,142926,60642.21,82283.79,57.57,42.43,0,28-03-2006
676,2006-04,49711,45181.66,4529.34,9.11,90.89,1,28-04-2006
677,2006-05,32182,22710.63,9471.37,29.43,70.57,0,28-05-2006
678,2006-06,39541,35726.03,3814.97,9.65,90.35,1,28-06-2006
679,2006-07,64813,30221.49,34591.51,53.37,46.63,0,28-07-2006
680,2006-08,44070,24835.29,19234.71,43.65,56.35,0,28-08-2006
681,2006-09,100559,46599.55,53959.45,53.66,46.34,0,28-09-2006
682,2006-10,61786,56802.75,4983.25,8.07,91.93,1,28-10-2006
683,2006-11,26737,21651.23,5085.77,19.02,80.98,0,28-11-2006
684,2006-12,71571,61873.28,9697.72,13.55,86.45,0,28-12-2006
685,2007-01,57265,39360.47,17904.53,31.27,68.73,0,28-01-2007
686,2007-02,86150,36213.51,49936.49,57.96,42.04,0,28-02-2007
687,2007-03,94910,57001.38,37908.62,39.94,60.06,0,28-03-2007
688,2007-04,55435,25849.99,29585.01,53.37,46.63,0,28-04-2007
689,2007-05,98945,87739.39,11205.61,11.33,88.67,0,28-05-2007
690,2007-06,115402,67733.04,47668.96,41.31,58.69,0,28-06-2007
691,2007-07,40662,25310.75,15351.25,37.75,62.25,0,28-07-2007
692,2007-08,60998,34976.84,26021.16,42.66,57.34,0,28-08-2007
693,2007-09,26640,18544.66,8095.34,30.39,69.61,0,28-09-2007
694,2007-10,35317,20318.36,14998.64,42.47,57.53,0,28-10-2007
695,2007-11,47345,32483.05,14861.95,31.39,68.61,0,28-11-2007
696,2007-12,143372,105912.45,37459.55,26.13,73.87,0,28-12-2007
697,2008-01,100765,63444.5,37320.5,37.04,62.96,0,28-01-2008
698,2008-02,143618,126176.22,17441.78,12.14,87.86,0,28-02-2008
699,2008-03,145341,58155.39,87185.61,59.99,40.01,0,28-03-2008
700,2008-04,95532,66004.53,29527.47,30.91,69.09,0,28-04-2008
701,2008-05,68543,62574.58,5968.42,8.71,91.29,1,28-05-2008
702,2008-06,116122,110183.96,5938.04,5.11,94.89,1,28-06-2008
703,2008-07,36371,15602.29,20768.71,57.1,42.9,0,28-07-2008
704,2008-08,71184,44209.68,26974.32,37.89,62.11,0,28-08-2008
705,2008-09,93972,62386.11,31585.89,33.61,66.39,0,28-09-2008
706,2008-10,53039,46702.03,6336.97,11.95,88.05,0,28-10-2008
707,2008-11,78606,48661.68,29944.32,38.09,61.91,0,28-11-2008
708,2008-12,125373,78956.37,46416.63,37.02,62.98,0,28-12-2008
709,2009-01,23430,16105.44,7324.56,31.26,68.74,0,28-01-2009
710,2009-02,30816,16373.39,14442.61,46.87,53.13,0,28-02-2009
711,2009-03,22050,14487.31,7562.69,34.3,65.7,0,28-03-2009
712,2009-04,44951,25081.82,19869.18,44.2,55.8,0,28-04-2009
713,2009-05,75619,60007.78,15611.22,20.64,79.36,0,28-05-2009
714,2009-06,139076,58850.18,80225.82,57.68,42.32,0,28-06-2009
715,2009-07,110816,99810.48,11005.52,9.93,90.07,1,28-07-2009
716,2009-08,132590,84231.14,48358.86,36.47,63.53,0,28-08-2009
717,2009-09,100688,61963.05,38724.95,38.46,61.54,0,28-09-2009
718,2009-10,94691,49243.07,45447.93,48,52,0,28-10-2009
719,2009-11,63001,52851.17,10149.83,16.11,83.89,0,28-11-2009
720,2009-12,65028,29209.02,35818.98,55.08,44.92,0,28-12-2009
721,2010-01,57573,54134.84,3438.16,5.97,94.03,1,28-01-2010
722,2010-02,76638,70476.5,6161.5,8.04,91.96,1,28-02-2010
723,2010-03,126506,113481.98,13024.02,10.3,89.7,0,28-03-2010
724,2010-04,100097,49234.58,50862.42,50.81,49.19,0,28-04-2010
725,2010-05,100435,43763.8,56671.2,56.43,43.57,0,28-05-2010
726,2010-06,148583,136473.85,12109.15,8.15,91.85,1,28-06-2010
727,2010-07,101470,53455.72,48014.28,47.32,52.68,0,28-07-2010
728,2010-08,84754,57800.42,26953.58,31.8,68.2,0,28-08-2010
729,2010-09,97129,41359.47,55769.53,57.42,42.58,0,28-09-2010
730,2010-10,135512,70637.99,64874.01,47.87,52.13,0,28-10-2010
731,2010-11,47376,43893.8,3482.2,7.35,92.65,1,28-11-2010
732,2010-12,34199,20265.26,13933.74,40.74,59.26,0,28-12-2010
733,2011-01,70948,52954.02,17993.98,25.36,74.64,0,28-01-2011
734,2011-02,86262,76435.23,9826.77,11.39,88.61,0,28-02-2011
735,2011-03,96898,70590.26,26307.74,27.15,72.85,0,28-03-2011
736,2011-04,50448,25004.17,25443.83,50.44,49.56,0,28-04-2011
737,2011-05,27657,18900.42,8756.58,31.66,68.34,0,28-05-2011
738,2011-06,45425,35559.21,9865.79,21.72,78.28,0,28-06-2011
739,2011-07,132855,118717.88,14137.12,10.64,89.36,0,28-07-2011
740,2011-08,27906,14607.18,13298.82,47.66,52.34,0,28-08-2011
741,2011-09,27287,22138.74,5148.26,18.87,81.13,0,28-09-2011
742,2011-10,80504,58455.32,22048.68,27.39,72.61,0,28-10-2011
743,2011-11,54701,47757.79,6943.21,12.69,87.31,0,28-11-2011
744,2011-12,37674,33251.2,4422.8,11.74,88.26,0,28-12-2011
745,2012-01,43874,24136.3,19737.7,44.99,55.01,0,28-01-2012
746,2012-02,117820,104719.76,13100.24,11.12,88.88,0,28-02-2012
747,2012-03,123320,107128.88,16191.12,13.13,86.87,0,28-03-2012
748,2012-04,114377,96675.31,17701.69,15.48,84.52,0,28-04-2012
749,2012-05,147015,134132.7,12882.3,8.76,91.24,1,28-05-2012
750,2012-06,78762,35272.99,43489.01,55.22,44.78,0,28-06-2012
751,2012-07,45559,24554.34,21004.66,46.1,53.9,0,28-07-2012
752,2012-08,89669,48678.12,40990.88,45.71,54.29,0,28-08-2012
753,2012-09,23972,10231.99,13740.01,57.32,42.68,0,28-09-2012
754,2012-10,61873,27507.21,34365.79,55.54,44.46,0,28-10-2012
755,2012-11,146267,67313.22,78953.78,53.98,46.02,0,28-11-2012
756,2012-12,61755,27287.8,34467.2,55.81,44.19,0,28-12-2012
757,2013-01,65648,28480.36,37167.64,56.62,43.38,0,28-01-2013
758,2013-02,29516,19608.15,9907.85,33.57,66.43,0,28-02-2013
759,2013-03,22396,20124.65,2271.35,10.14,89.86,0,28-03-2013
760,2013-04,148322,87702.07,60619.93,40.87,59.13,0,28-04-2013
761,2013-05,50561,35346.1,15214.9,30.09,69.91,0,28-05-2013
762,2013-06,112108,61308,50800,45.31,54.69,0,28-06-2013
763,2013-07,144165,98997.12,45167.88,31.33,68.67,0,28-07-2013
764,2013-08,137071,104468.46,32602.54,23.79,76.21,0,28-08-2013
765,2013-09,132992,64705.58,68286.42,51.35,48.65,0,28-09-2013
766,2013-10,149839,118312.82,31526.18,21.04,78.96,0,28-10-2013
767,2013-11,53130,28226.88,24903.12,46.87,53.13,0,28-11-2013
768,2013-12,46292,35833.59,10458.41,22.59,77.41,0,28-12-2013
769,2014-01,106206,83312.76,22893.24,21.56,78.44,0,28-01-2014
770,2014-02,73947,36029.4,37917.6,51.28,48.72,0,28-02-2014
771,2014-03,68874,63964.9,4909.1,7.13,92.87,1,28-03-2014
772,2014-04,88344,36758.7,51585.3,58.39,41.61,0,28-04-2014
773,2014-05,67638,27246.6,40391.4,59.72,40.28,0,28-05-2014
774,2014-06,22719,13275.06,9443.94,41.57,58.43,0,28-06-2014
775,2014-07,56509,50845.99,5663.01,10.02,89.98,0,28-07-2014
776,2014-08,112241,95391.59,16849.41,15.01,84.99,0,28-08-2014
777,2014-09,68845,56187.83,12657.17,18.39,81.61,0,28-09-2014
778,2014-10,111659,45055.77,66603.23,59.65,40.35,0,28-10-2014
779,2014-11,107263,47866.55,59396.45,55.37,44.63,0,28-11-2014
780,2014-12,95418,89659.75,5758.25,6.03,93.97,1,28-12-2014
781,2015-01,54832,25426.37,29405.63,53.63,46.37,0,28-01-2015
782,2015-02,92545,69288.73,23256.27,25.13,74.87,0,28-02-2015
783,2015-03,51575,43852.87,7722.13,14.97,85.03,0,28-03-2015
784,2015-04,21007,9638.84,11368.16,54.12,45.88,0,28-04-2015
785,2015-05,67517,27691.1,39825.9,58.99,41.01,0,28-05-2015
786,2015-06,107272,99724.94,7547.06,7.04,92.96,1,28-06-2015
787,2015-07,81246,50021.79,31224.21,38.43,61.57,0,28-07-2015
788,2015-08,120686,110139.91,10546.09,8.74,91.26,1,28-08-2015
789,2015-09,25084,20916.14,4167.86,16.62,83.38,0,28-09-2015
790,2015-10,92595,72070.13,20524.87,22.17,77.83,0,28-10-2015
791,2015-11,135953,125214.59,10738.41,7.9,92.1,1,28-11-2015
792,2015-12,132831,104869.36,27961.64,21.05,78.95,0,28-12-2015
793,2016-01,143797,113558.59,30238.41,21.03,78.97,0,28-01-2016
794,2016-02,29077,17162.28,11914.72,40.98,59.02,0,28-02-2016
795,2016-03,40953,18063.63,22889.37,55.89,44.11,0,28-03-2016
796,2016-04,141041,124023.73,17017.27,12.07,87.93,0,28-04-2016
797,2016-05,57567,44431.87,13135.13,22.82,77.18,0,28-05-2016
798,2016-06,41195,33463.05,7731.95,18.77,81.23,0,28-06-2016
799,2016-07,107266,77973.56,29292.44,27.31,72.69,0,28-07-2016
800,2016-08,47083,19469.89,27613.11,58.65,41.35,0,28-08-2016
801,2016-09,143786,122481.53,21304.47,14.82,85.18,0,28-09-2016
802,2016-10,51598,34506.36,17091.64,33.12,66.88,0,28-10-2016
803,2016-11,113106,60950.54,52155.46,46.11,53.89,0,28-11-2016
804,2016-12,116214,74986.68,41227.32,35.48,64.52,0,28-12-2016
805,2017-01,46029,30273.12,15755.88,34.23,65.77,0,28-01-2017
806,2017-02,143395,90969.75,52425.25,36.56,63.44,0,28-02-2017
807,2017-03,26540,23084.9,3455.1,13.02,86.98,0,28-03-2017
808,2017-04,88878,74403.8,14474.2,16.29,83.71,0,28-04-2017
809,2017-05,95932,54115.81,41816.19,43.59,56.41,0,28-05-2017
810,2017-06,70975,31605.85,39369.15,55.47,44.53,0,28-06-2017
811,2017-07,98797,52019.54,46777.46,47.35,52.65,0,28-07-2017
812,2017-08,97258,53520.37,43737.63,44.97,55.03,0,28-08-2017
813,2017-09,137584,127922.87,9661.13,7.02,92.98,1,28-09-2017
814,2017-10,113623,72466.95,41156.05,36.22,63.78,0,28-10-2017
815,2017-11,73268,65958.67,7309.33,9.98,90.02,1,28-11-2017
816,2017-12,147844,111058.83,36785.17,24.88,75.12,0,28-12-2017
817,2018-01,68901,56364.58,12536.42,18.19,81.81,0,28-01-2018
818,2018-02,52196,49126.23,3069.77,5.88,94.12,1,28-02-2018
819,2018-03,27424,15807.43,11616.57,42.36,57.64,0,28-03-2018
820,2018-04,135621,71401.07,64219.93,47.35,52.65,0,28-04-2018
821,2018-05,21980,11214.14,10765.86,48.98,51.02,0,28-05-2018
822,2018-06,104976,79615.56,25360.44,24.16,75.84,0,28-06-2018
823,2018-07,134187,95207.37,38979.63,29.05,70.95,0,28-07-2018
824,2018-08,43019,28403.96,14615.04,33.97,66.03,0,28-08-2018
825,2018-09,119911,58466.82,61444.18,51.24,48.76,0,28-09-2018
826,2018-10,135672,119085.11,16586.89,12.23,87.77,0,28-10-2018
827,2018-11,88916,43080.86,45835.14,51.55,48.45,0,28-11-2018
828,2018-12,102970,89031.03,13938.97,13.54,86.46,0,28-12-2018
829,2019-01,50707,20780.95,29926.05,59.02,40.98,0,28-01-2019
830,2019-02,81788,38619.04,43168.96,52.78,47.22,0,28-02-2019
831,2019-03,127188,114661.23,12526.77,9.85,90.15,1,28-03-2019
832,2019-04,73625,54420.48,19204.52,26.08,73.92,0,28-04-2019
833,2019-05,142413,93159.96,49253.04,34.58,65.42,0,28-05-2019
834,2019-06,67837,31511.61,36325.39,53.55,46.45,0,28-06-2019
835,2019-07,31536,23148.01,8387.99,26.6,73.4,0,28-07-2019
836,2019-08,71027,45220.64,25806.36,36.33,63.67,0,28-08-2019
837,2019-09,124101,65034.77,59066.23,47.6,52.4,0,28-09-2019
838,2019-10,141787,61722,80065,56.47,43.53,0,28-10-2019
839,2019-11,25109,14544.61,10564.39,42.07,57.93,0,28-11-2019
840,2019-12,120737,101256.99,19480.01,16.13,83.87,0,28-12-2019
841,2020-01,143274,134877.18,8396.82,5.86,94.14,1,28-01-2020
842,2020-02,80112,32556.82,47555.18,59.36,40.64,0,28-02-2020
843,2020-03,143153,110836.37,32316.63,22.57,77.43,0,28-03-2020
844,2020-04,49009,32540.33,16468.67,33.6,66.4,0,28-04-2020
845,2020-05,82046,65393.8,16652.2,20.3,79.7,0,28-05-2020
846,2020-06,26154,20458.71,5695.29,21.78,78.22,0,28-06-2020
847,2020-07,84288,77878.47,6409.53,7.6,92.4,1,28-07-2020
848,2020-08,72648,30642.23,42005.77,57.82,42.18,0,28-08-2020
849,2020-09,52981,43022.63,9958.37,18.8,81.2,0,28-09-2020
850,2020-10,95304,50808.92,44495.08,46.69,53.31,0,28-10-2020
851,2020-11,145816,104112.26,41703.74,28.6,71.4,0,28-11-2020
852,2020-12,134126,90453.03,43672.97,32.56,67.44,0,28-12-2020
853,2021-01,115317,59468.09,55848.91,48.43,51.57,0,28-01-2021
854,2021-02,55488,39274.78,16213.22,29.22,70.78,0,28-02-2021
855,2021-03,42431,38938.11,3492.89,8.23,91.77,1,28-03-2021
856,2021-04,142720,97726.29,44993.71,31.53,68.47,0,28-04-2021
857,2021-05,47424,41988.9,5435.1,11.46,88.54,0,28-05-2021
858,2021-06,103869,43444.43,60424.57,58.17,41.83,0,28-06-2021
859,2021-07,132755,79226.96,53528.04,40.32,59.68,0,28-07-2021
860,2021-08,72326,34209.74,38116.26,52.7,47.3,0,28-08-2021
861,2021-09,43398,22153.49,21244.51,48.95,51.05,0,28-09-2021
862,2021-10,95897,80584.42,15312.58,15.97,84.03,0,28-10-2021
863,2021-11,88577,37437.15,51139.85,57.73,42.27,0,28-11-2021
864,2021-12,45003,20589.43,24413.57,54.25,45.75,0,28-12-2021
865,2022-01,91626,42910.38,48715.62,53.17,46.83,0,28-01-2022
866,2022-02,69786,29126.75,40659.25,58.26,41.74,0,28-02-2022
867,2022-03,125221,92554.91,32666.09,26.09,73.91,0,28-03-2022
868,2022-04,145150,101273.04,43876.96,30.23,69.77,0,28-04-2022
869,2022-05,84881,77611.88,7269.12,8.56,91.44,1,28-05-2022
870,2022-06,122215,96885.67,25329.33,20.73,79.27,0,28-06-2022
871,2022-07,23389,19433.51,3955.49,16.91,83.09,0,28-07-2022
872,2022-08,81550,69166.94,12383.06,15.18,84.82,0,28-08-2022
873,2022-09,46630,35599.72,11030.28,23.65,76.35,0,28-09-2022
874,2022-10,118511,83097.05,35413.95,29.88,70.12,0,28-10-2022
875,2022-11,47961,39860.77,8100.23,16.89,83.11,0,28-11-2022
876,2022-12,53662,40459.42,13202.58,24.6,75.4,0,28-12-2022
877,2023-01,41288,20239.37,21048.63,50.98,49.02,0,28-01-2023
878,2023-02,56877,25304.38,31572.62,55.51,44.49,0,28-02-2023
879,2023-03,100885,73273.1,27611.9,27.37,72.63,0,28-03-2023
880,2023-04,130091,63451.83,66639.17,51.23,48.77,0,28-04-2023
881,2023-05,99148,73236.47,25911.53,26.13,73.87,0,28-05-2023
882,2023-06,51890,48606.71,3283.29,6.33,93.67,1,28-06-2023
883,2023-07,72579,58742.07,13836.93,19.06,80.94,0,28-07-2023
884,2023-08,48380,40365.09,8014.91,16.57,83.43,0,28-08-2023
885,2023-09,90326,38299.48,52026.52,57.6,42.4,0,28-09-2023
886,2023-10,109899,77528.24,32370.76,29.46,70.54,0,28-10-2023
887,2023-11,125361,95185.94,30175.06,24.07,75.93,0,28-11-2023
888,2023-12,57412,54425.64,2986.36,5.2,94.8,1,28-12-2023
889,2024-01,22920,15386.25,7533.75,32.87,67.13,0,28-01-2024
890,2024-02,80315,40940.44,39374.56,49.03,50.97,0,28-02-2024
891,2024-03,114242,59555.34,54686.66,47.87,52.13,0,28-03-2024
892,2024-04,36309,15135.73,21173.27,58.31,41.69,0,28-04-2024
893,2024-05,118656,102311,16345,13.78,86.22,0,28-05-2024
894,2024-06,146768,128796.24,17971.76,12.25,87.75,0,28-06-2024
895,2024-07,134846,84784.29,50061.71,37.13,62.87,0,28-07-2024
896,2024-08,120375,76320.32,44054.68,36.6,63.4,0,28-08-2024
897,2024-09,98339,79108.09,19230.91,19.56,80.44,0,28-09-2024
898,2024-10,121757,114842.09,6914.91,5.68,94.32,1,28-10-2024
899,2024-11,59063,41274.13,17788.87,30.12,69.88,0,28-11-2024
900,2024-12,100818,72414.69,28403.31,28.17,71.83,0,28-12-2024
901,2025-01,92099,38328.56,53770.44,58.38,41.62,0,28-01-2025
902,2025-02,51585,34441.65,17143.35,33.23,66.77,0,28-02-2025
903,2025-03,63585,46337.44,17247.56,27.13,72.87,0,28-03-2025
904,2025-04,96707,61113.65,35593.35,36.81,63.19,0,28-04-2025
905,2025-05,32201,30451.63,1749.37,5.43,94.57,1,28-05-2025
906,2025-06,65241,58834.32,6406.68,9.82,90.18,1,28-06-2025
907,2025-07,148267,90608.33,57658.67,38.89,61.11,0,28-07-2025
908,2025-08,118833,88810.81,30022.19,25.26,74.74,0,28-08-2025
909,2025-09,104878,55552.37,49325.63,47.03,52.97,0,28-09-2025
910,2025-10,147769,117284.81,30484.19,20.63,79.37,0,28-10-2025
911,2025-11,43279,31637.83,11641.17,26.9,73.1,0,28-11-2025
912,2025-12,31561,16747.81,14813.19,46.94,53.06,0,28-12-2025
